id,first_name,last_name,email,gender,job_title
1,Garrott,McFee,gmcfee0@cornell.edu,Male,Professor
2,Timmi,Dobing,tdobing1@jalbum.net,Female,Statistician III
3,Truman,McAusland,tmcausland2@prnewswire.com,Male,Food Chemist
4,Concettina,Lickorish,clickorish3@whitehouse.gov,Female,Mechanical Systems Engineer
5,Myrilla,Blinder,mblinder4@goodreads.com,Female,Information Systems Manager
6,Bev,Durrand,bdurrand5@eventbrite.com,Female,VP Product Management
7,Junie,Millin,jmillin6@weather.com,Female,Financial Analyst
8,Lorenza,Henkmann,lhenkmann7@nifty.com,Female,Assistant Media Planner
9,Appolonia,Clausson,aclausson8@dedecms.com,Female,Professor
10,Tallie,Rustman,trustman9@bing.com,Female,Technical Writer
11,Kory,Harrod,kharroda@miibeian.gov.cn,Male,Sales Associate
12,Gerrie,Matthiae,gmatthiaeb@cloudflare.com,Male,Information Systems Manager
13,Morgana,Lotterington,mlotteringtonc@de.vu,Female,Budget/Accounting Analyst II
14,Albert,Bonsale,abonsaled@utexas.edu,Bigender,Office Assistant II
15,Ephraim,Sibery,esiberye@netvibes.com,Male,Electrical Engineer
16,Robinson,Lesper,rlesperf@cnn.com,Male,Programmer II
17,Murielle,McKeowon,mmckeowong@cloudflare.com,Female,Office Assistant II
18,Louisa,Giacovazzo,lgiacovazzoh@webeden.co.uk,Female,Information Systems Manager
19,Eleni,Bussons,ebussonsi@google.cn,Female,Quality Control Specialist
20,Jarrod,Baguley,jbaguleyj@yahoo.co.jp,Male,Marketing Assistant
21,Whitman,Danks,wdanksk@squidoo.com,Male,Developer I
22,Laurette,Pietersma,lpietersmal@imdb.com,Female,Staff Scientist
23,Che,Gillbe,cgillbem@shutterfly.com,Male,Information Systems Manager
24,Cilka,Cowlam,ccowlamn@prlog.org,Female,Senior Sales Associate
25,Radcliffe,Ixor,rixoro@imageshack.us,Male,Civil Engineer
26,Rafe,Nelthropp,rnelthroppp@flavors.me,Male,Compensation Analyst
27,Pet,Oldnall,poldnallq@twitpic.com,Female,Account Representative III
28,Lazaro,Rembrandt,lrembrandtr@opera.com,Male,Computer Systems Analyst IV
29,Augie,Dunseith,adunseiths@alexa.com,Male,Speech Pathologist
30,Thorny,Wordsworth,twordswortht@github.com,Male,Executive Secretary
31,Patin,Keable,pkeableu@deliciousdays.com,Male,Senior Quality Engineer
32,Jeanette,Sign,jsignv@wordpress.com,Female,Nuclear Power Engineer
33,Katy,Cheeld,kcheeldw@seattletimes.com,Female,Director of Sales
34,Ginevra,Silveston,gsilvestonx@techcrunch.com,Female,Executive Secretary
35,Myer,Stot,mstoty@plala.or.jp,Male,Assistant Media Planner
36,Celestina,Barnett,cbarnettz@ameblo.jp,Female,Research Associate
37,Bjorn,Gervaise,bgervaise10@bandcamp.com,Male,Clinical Specialist
38,Kylie,Hainning,khainning11@goo.gl,Female,VP Quality Control
39,Jacklin,Shepley,jshepley12@si.edu,Female,Help Desk Operator
40,Zorana,Lamprecht,zlamprecht13@sciencedaily.com,Female,Media Manager II
41,Brocky,Shearme,bshearme14@bing.com,Male,Clinical Specialist
42,Brody,Stillman,bstillman15@networksolutions.com,Male,GIS Technical Architect
43,Conroy,Durrand,cdurrand16@360.cn,Male,VP Sales
44,Jere,Stoyles,jstoyles17@mapquest.com,Female,Quality Control Specialist
45,Rafael,Ruben,rruben18@webnode.com,Male,Professor
46,Arlina,Livett,alivett19@wp.com,Female,Quality Engineer
47,Allyce,Matzl,amatzl1a@foxnews.com,Female,Chief Design Engineer
48,Ambrosi,Maryet,amaryet1b@unicef.org,Male,Desktop Support Technician
49,Margarita,Willisch,mwillisch1c@soundcloud.com,Female,Community Outreach Specialist
50,Tasha,Canellas,tcanellas1d@sitemeter.com,Female,Occupational Therapist
51,Alvina,Goodanew,agoodanew1e@myspace.com,Female,Sales Associate
52,Carole,Tregien,ctregien1f@t-online.de,Female,Assistant Manager
53,Abra,Hender,ahender1g@wired.com,Female,Statistician III
54,Christoper,Lemasney,clemasney1h@cam.ac.uk,Male,Physical Therapy Assistant
55,Lorenza,Cooksey,lcooksey1i@dailymail.co.uk,Female,Biostatistician II
56,Fabian,Llewelyn,fllewelyn1j@cmu.edu,Male,Senior Quality Engineer
57,Toinette,Poser,tposer1k@wikimedia.org,Female,Internal Auditor
58,Palm,Swanston,pswanston1l@buzzfeed.com,Male,Human Resources Assistant II
59,Leta,Cutford,lcutford1m@businesswire.com,Female,Actuary
60,Sonja,Bompas,sbompas1n@infoseek.co.jp,Female,General Manager
61,Lay,Barnfather,lbarnfather1o@narod.ru,Male,Associate Professor
62,Giffer,Pierrepont,gpierrepont1p@cnn.com,Male,Programmer III
63,Elora,Markushkin,emarkushkin1q@t-online.de,Female,Information Systems Manager
64,Margette,Lehenmann,mlehenmann1r@trellian.com,Female,Staff Accountant IV
65,Kendricks,Shapira,kshapira1s@parallels.com,Male,Quality Control Specialist
66,Pate,Pickle,ppickle1t@dyndns.org,Male,Business Systems Development Analyst
67,Adlai,Plaskett,aplaskett1u@merriam-webster.com,Male,Database Administrator IV
68,Doloritas,McMonies,dmcmonies1v@elegantthemes.com,Polygender,Help Desk Technician
69,Marla,Watson,mwatson1w@uiuc.edu,Female,Director of Sales
70,Philis,Baiss,pbaiss1x@zdnet.com,Female,Project Manager
71,Culley,Birtley,cbirtley1y@people.com.cn,Male,Community Outreach Specialist
72,Aldous,Hubbis,ahubbis1z@mediafire.com,Male,Assistant Manager
73,Scottie,Gartell,sgartell20@harvard.edu,Male,Assistant Professor
74,Glynis,Ewens,gewens21@ucoz.ru,Female,Food Chemist
75,Lindi,Hessenthaler,lhessenthaler22@list-manage.com,Female,Marketing Manager
76,Kristos,Lujan,klujan23@so-net.ne.jp,Male,Account Coordinator
77,Perice,Degan,pdegan24@si.edu,Male,Administrative Officer
78,Kaycee,Mariot,kmariot25@lycos.com,Female,Senior Quality Engineer
79,Alikee,Tellwright,atellwright26@baidu.com,Female,Assistant Media Planner
80,Trevar,Welbelove,twelbelove27@symantec.com,Male,Account Executive
81,Tatiana,Athey,tathey28@wordpress.org,Polygender,Project Manager
82,Constantine,Tue,ctue29@sbwire.com,Male,Research Nurse
83,Gwennie,Wreight,gwreight2a@hp.com,Female,Automation Specialist I
84,Karisa,Cawthorne,kcawthorne2b@forbes.com,Female,Systems Administrator IV
85,Flo,Sugar,fsugar2c@disqus.com,Female,Junior Executive
86,Franklin,Bes,fbes2d@smugmug.com,Male,Computer Systems Analyst III
87,Dory,Regi,dregi2e@dailymail.co.uk,Male,Senior Sales Associate
88,Mikol,Di Dello,mdidello2f@netvibes.com,Male,Engineer I
89,Gran,Wrintmore,gwrintmore2g@360.cn,Male,Graphic Designer
90,Lawton,Harower,lharower2h@360.cn,Genderfluid,Assistant Manager
91,Chrissy,Coule,ccoule2i@google.com.au,Agender,Payment Adjustment Coordinator
92,Valentina,Jedrysik,vjedrysik2j@studiopress.com,Female,Editor
93,Thebault,Winpenny,twinpenny2k@disqus.com,Male,Payment Adjustment Coordinator
94,Tallulah,Kahler,tkahler2l@instagram.com,Female,Occupational Therapist
95,Devlin,Mattheis,dmattheis2m@indiegogo.com,Male,Recruiter
96,Lyda,Murch,lmurch2n@sciencedaily.com,Female,Programmer Analyst III
97,Jacinthe,Tumility,jtumility2o@hexun.com,Female,Graphic Designer
98,Sergio,Biasetti,sbiasetti2p@weebly.com,Male,Financial Analyst
99,Alic,Arthur,aarthur2q@thetimes.co.uk,Male,Marketing Manager
100,Merell,Trusslove,mtrusslove2r@wix.com,Male,Web Designer II
101,Hymie,Toynbee,htoynbee2s@infoseek.co.jp,Male,Director of Sales
102,Jaquelin,Esmead,jesmead2t@comcast.net,Female,Registered Nurse
103,Susette,Norcop,snorcop2u@myspace.com,Female,Budget/Accounting Analyst IV
104,Devin,Siviter,dsiviter2v@mit.edu,Non-binary,Accounting Assistant IV
105,Dorita,Circuitt,dcircuitt2w@4shared.com,Female,Teacher
106,Verena,Diano,vdiano2x@comcast.net,Female,Cost Accountant
107,Elga,Vasyukov,evasyukov2y@fda.gov,Female,Speech Pathologist
108,Celinda,Andric,candric2z@blogs.com,Female,Accounting Assistant III
109,Catlaina,covino,ccovino30@51.la,Female,Cost Accountant
110,Dex,Northin,dnorthin31@eepurl.com,Male,VP Quality Control
111,Clifford,Hiner,chiner32@delicious.com,Male,Operator
112,Trstram,Errett,terrett33@businessinsider.com,Male,Data Coordinator
113,Park,Gildersleaves,pgildersleaves34@behance.net,Male,Assistant Media Planner
114,Lyell,Sorsby,lsorsby35@indiatimes.com,Male,VP Sales
115,Aridatha,Skitch,askitch36@addtoany.com,Female,Administrative Officer
116,Fredrika,Collard,fcollard37@cdc.gov,Female,Software Consultant
117,Wayland,Punton,wpunton38@newsvine.com,Male,Food Chemist
118,Carlita,Pattillo,cpattillo39@buzzfeed.com,Female,Internal Auditor
119,Grazia,Huster,ghuster3a@tumblr.com,Polygender,Graphic Designer
120,Delbert,Kleinerman,dkleinerman3b@google.com.br,Male,Structural Engineer
121,Jackson,Sustins,jsustins3c@mediafire.com,Male,Account Coordinator
122,Gladys,Abbes,gabbes3d@amazon.com,Female,Media Manager II
123,Lacee,Thewless,lthewless3e@shop-pro.jp,Female,Technical Writer
124,Wendi,Gergely,wgergely3f@liveinternet.ru,Female,Safety Technician III
125,Yasmin,Bentame,ybentame3g@constantcontact.com,Female,Chief Design Engineer
126,Noella,Boatswain,nboatswain3h@nymag.com,Non-binary,Pharmacist
127,Quinlan,Gwatkin,qgwatkin3i@free.fr,Bigender,Teacher
128,Jerald,Hurdle,jhurdle3j@ehow.com,Male,Research Nurse
129,Miner,Gounard,mgounard3k@engadget.com,Male,Quality Engineer
130,Martie,Seiter,mseiter3l@ucoz.ru,Male,Research Assistant I
131,Page,Giacomucci,pgiacomucci3m@aol.com,Female,Computer Systems Analyst III
132,James,Lockier,jlockier3n@blogtalkradio.com,Male,Safety Technician I
133,Lianne,Cadell,lcadell3o@dagondesign.com,Female,Account Representative II
134,Gennie,Enriquez,genriquez3p@uol.com.br,Female,Accountant IV
135,Marlo,Whistlecroft,mwhistlecroft3q@cisco.com,Male,Safety Technician IV
136,Shelli,MacArte,smacarte3r@webmd.com,Female,Senior Sales Associate
137,Cindie,Pervew,cpervew3s@stanford.edu,Female,Developer II
138,Leontine,Syder,lsyder3t@histats.com,Female,Business Systems Development Analyst
139,Mildred,Ginnelly,mginnelly3u@thetimes.co.uk,Female,Cost Accountant
140,Ondrea,Brogioni,obrogioni3v@apache.org,Female,Recruiter
141,Carree,Dudenie,cdudenie3w@blinklist.com,Female,Quality Engineer
142,Homer,Nolleau,hnolleau3x@pbs.org,Male,Human Resources Manager
143,Zacharia,Jelkes,zjelkes3y@pbs.org,Male,VP Marketing
144,Duncan,Deares,ddeares3z@blogs.com,Male,Quality Engineer
145,Oby,Rogier,orogier40@dedecms.com,Male,Nurse Practicioner
146,Ninetta,Allgood,nallgood41@canalblog.com,Female,General Manager
147,Davey,Huyge,dhuyge42@vkontakte.ru,Male,Occupational Therapist
148,Morey,Smallridge,msmallridge43@cbslocal.com,Male,Sales Associate
149,Allister,Kruse,akruse44@narod.ru,Male,Biostatistician I
150,Dalli,Dubois,ddubois45@imageshack.us,Male,Senior Sales Associate
151,Zacharias,Newsham,znewsham46@blogspot.com,Male,Environmental Tech
152,Elsbeth,Aingel,eaingel47@cocolog-nifty.com,Female,Editor
153,Pete,Pomery,ppomery48@craigslist.org,Male,Desktop Support Technician
154,Zitella,Deplacido,zdeplacido49@amazon.co.jp,Female,Food Chemist
155,Pietro,Giottoi,pgiottoi4a@imgur.com,Genderfluid,Sales Representative
156,Benjamen,Sighart,bsighart4b@newsvine.com,Male,Community Outreach Specialist
157,Quinlan,Wyles,qwyles4c@cisco.com,Male,Biostatistician IV
158,Baldwin,Handrahan,bhandrahan4d@wsj.com,Male,Geologist IV
159,Joshua,Oley,joley4e@blinklist.com,Male,Electrical Engineer
160,Albie,Zelner,azelner4f@livejournal.com,Polygender,Sales Associate
161,Cathyleen,Heyworth,cheyworth4g@sourceforge.net,Agender,Assistant Manager
162,Keelby,Grinval,kgrinval4h@chronoengine.com,Male,Registered Nurse
163,Walliw,Iorns,wiorns4i@washingtonpost.com,Bigender,Senior Cost Accountant
164,Candy,Locks,clocks4j@admin.ch,Female,Cost Accountant
165,Bryanty,Giacopini,bgiacopini4k@un.org,Male,Compensation Analyst
166,Sherwin,Henniger,shenniger4l@geocities.jp,Male,Editor
167,Tally,Warfield,twarfield4m@latimes.com,Male,Human Resources Manager
168,Jany,Moreby,jmoreby4n@nytimes.com,Female,Research Assistant IV
169,Eugine,Havoc,ehavoc4o@dmoz.org,Female,Technical Writer
170,Rosy,Grossier,rgrossier4p@oaic.gov.au,Female,Statistician II
171,Daveen,Commings,dcommings4q@vistaprint.com,Female,Staff Scientist
172,Dee dee,Mowsdill,dmowsdill4r@ning.com,Female,Occupational Therapist
173,Shep,Atcherley,satcherley4s@smugmug.com,Male,Payment Adjustment Coordinator
174,Isaac,Ciccottini,iciccottini4t@youtu.be,Agender,Administrative Assistant I
175,Margaretha,Pynner,mpynner4u@geocities.jp,Female,Actuary
176,Adlai,Bunn,abunn4v@omniture.com,Male,Geologist IV
177,Amil,Braid,abraid4w@epa.gov,Female,VP Sales
178,Bent,Brotherheed,bbrotherheed4x@blog.com,Male,Professor
179,Albie,Largen,alargen4y@ocn.ne.jp,Male,Food Chemist
180,Mag,Infantino,minfantino4z@ezinearticles.com,Female,Research Nurse
181,Udale,Pinckard,upinckard50@europa.eu,Male,Account Executive
182,Gwenni,Condon,gcondon51@answers.com,Female,Actuary
183,Ardyth,Peartree,apeartree52@salon.com,Female,Office Assistant II
184,Bear,Perin,bperin53@nymag.com,Male,Safety Technician III
185,Manuel,Revelle,mrevelle54@bloomberg.com,Male,Computer Systems Analyst III
186,Micki,Gouny,mgouny55@dagondesign.com,Female,Automation Specialist I
187,Carlene,Holleran,cholleran56@123-reg.co.uk,Female,Professor
188,Dallas,Glowach,dglowach57@shareasale.com,Female,Sales Representative
189,Ivett,Graybeal,igraybeal58@miibeian.gov.cn,Polygender,Safety Technician I
190,Kizzie,Halfacree,khalfacree59@earthlink.net,Female,Sales Associate
191,Zelda,Plesing,zplesing5a@mlb.com,Female,Analyst Programmer
192,Shelden,Christian,schristian5b@qq.com,Male,Chief Design Engineer
193,Beverley,Gambell,bgambell5c@apple.com,Female,Marketing Assistant
194,Beaufort,Osmond,bosmond5d@google.nl,Agender,Business Systems Development Analyst
195,Mellie,Swyre,mswyre5e@diigo.com,Agender,Safety Technician II
196,Mellisent,Croll,mcroll5f@shutterfly.com,Female,Human Resources Assistant II
197,Russell,de Grey,rdegrey5g@twitpic.com,Male,Staff Accountant II
198,Georgeta,Lintall,glintall5h@washingtonpost.com,Female,Account Representative I
199,Brandea,Worrill,bworrill5i@blogger.com,Female,VP Product Management
200,Alon,Goosey,agoosey5j@issuu.com,Male,Environmental Tech
201,Trace,Rohloff,trohloff5k@unc.edu,Male,Web Designer II
202,Libbi,Beeze,lbeeze5l@wikia.com,Female,Research Associate
203,Joshia,Grinaway,jgrinaway5m@elpais.com,Male,Senior Editor
204,Anetta,Carnoghan,acarnoghan5n@umich.edu,Female,Programmer II
205,Rosana,Mattiazzi,rmattiazzi5o@engadget.com,Female,Geologist II
206,Luce,Waterhowse,lwaterhowse5p@sun.com,Female,Mechanical Systems Engineer
207,Mella,Cockerham,mcockerham5q@acquirethisname.com,Female,Structural Analysis Engineer
208,Tiffy,Imlaw,timlaw5r@cnbc.com,Female,Desktop Support Technician
209,Cele,Capini,ccapini5s@macromedia.com,Female,Nuclear Power Engineer
210,Terra,Fernie,tfernie5t@bravesites.com,Female,Account Representative III
211,Craig,Fauguel,cfauguel5u@google.com.au,Male,Administrative Officer
212,Dana,Huelin,dhuelin5v@sitemeter.com,Genderfluid,Senior Developer
213,Braden,Brownhill,bbrownhill5w@ask.com,Male,Actuary
214,Tanney,Clews,tclews5x@pcworld.com,Male,Assistant Media Planner
215,Blakelee,Eglin,beglin5y@ft.com,Female,General Manager
216,Matias,Althrop,malthrop5z@engadget.com,Male,Software Consultant
217,Cornie,Bigmore,cbigmore60@jigsy.com,Female,Environmental Tech
218,Jana,Lawtie,jlawtie61@jiathis.com,Female,Biostatistician I
219,Cyrille,Hue,chue62@google.ca,Genderfluid,Account Coordinator
220,Idette,McGavigan,imcgavigan63@flickr.com,Female,Analog Circuit Design manager
221,Nettie,Haggie,nhaggie64@istockphoto.com,Female,VP Accounting
222,Georgina,McConnal,gmcconnal65@vinaora.com,Female,Research Associate
223,Mariette,Vallerine,mvallerine66@storify.com,Female,Accounting Assistant IV
224,Goddart,Haberjam,ghaberjam67@gizmodo.com,Male,Nurse Practicioner
225,Adolf,Ingamells,aingamells68@ebay.co.uk,Male,Financial Analyst
226,Brianna,Srutton,bsrutton69@taobao.com,Female,Office Assistant II
227,Benoit,Antoniazzi,bantoniazzi6a@wikia.com,Male,VP Accounting
228,Randy,Annear,rannear6b@wp.com,Female,Nurse Practicioner
229,Ariel,Burgoin,aburgoin6c@bloomberg.com,Female,Senior Editor
230,Rozalin,Battisson,rbattisson6d@wsj.com,Female,Automation Specialist I
231,Maurita,Sellor,msellor6e@webnode.com,Female,Geologist III
232,Carleton,Jarmain,cjarmain6f@icq.com,Male,Director of Sales
233,Dana,Watters,dwatters6g@cnet.com,Male,Senior Sales Associate
234,Harwilll,Junkison,hjunkison6h@unesco.org,Male,General Manager
235,Natalina,Cauderlie,ncauderlie6i@people.com.cn,Bigender,Web Developer III
236,Josefa,Tootin,jtootin6j@nhs.uk,Female,Operator
237,Pepi,Lillow,plillow6k@blog.com,Female,Structural Engineer
238,Korry,Batterson,kbatterson6l@google.co.jp,Female,Statistician IV
239,Yankee,Suller,ysuller6m@webmd.com,Male,Account Representative III
240,Ladonna,Da Costa,ldacosta6n@over-blog.com,Female,GIS Technical Architect
241,Dudley,Johanning,djohanning6o@samsung.com,Male,Administrative Assistant III
242,Donnajean,Dowden,ddowden6p@eventbrite.com,Female,Senior Quality Engineer
243,Brod,Ilyin,bilyin6q@ucla.edu,Male,Data Coordinator
244,Fields,Bartod,fbartod6r@wikipedia.org,Male,Senior Editor
245,Nathanael,Croydon,ncroydon6s@google.es,Male,Senior Developer
246,Orrin,Hendrix,ohendrix6t@biblegateway.com,Male,Tax Accountant
247,Davidson,Handy,dhandy6u@paginegialle.it,Male,Research Associate
248,Sutherland,Hessay,shessay6v@springer.com,Male,Quality Control Specialist
249,Gamaliel,Lande,glande6w@time.com,Male,Chief Design Engineer
250,Darell,Grigorio,dgrigorio6x@umich.edu,Female,Pharmacist
251,Maurizia,Metson,mmetson6y@sun.com,Female,Recruiting Manager
252,Sadye,Cayton,scayton6z@discovery.com,Female,Administrative Assistant III
253,Francisca,Element,felement70@freewebs.com,Bigender,Social Worker
254,Janice,Fawke,jfawke71@newsvine.com,Bigender,Chemical Engineer
255,Henry,Epton,hepton72@timesonline.co.uk,Male,Nurse Practicioner
256,Osbert,Yele,oyele73@sphinn.com,Male,Professor
257,Amabelle,Stivey,astivey74@auda.org.au,Female,Software Consultant
258,Lilli,Bentham3,lbentham75@oracle.com,Female,Nurse Practicioner
259,Quint,Goadbie,qgoadbie76@shutterfly.com,Male,Compensation Analyst
260,Reine,Spawton,rspawton77@posterous.com,Female,Associate Professor
261,Sallie,Bankhurst,sbankhurst78@samsung.com,Female,Programmer III
262,Lowrance,Beauchamp,lbeauchamp79@trellian.com,Male,Statistician IV
263,Teresita,Egell,tegell7a@nymag.com,Polygender,Mechanical Systems Engineer
264,Ingemar,Heaviside,iheaviside7b@hc360.com,Male,Graphic Designer
265,Fields,Leport,fleport7c@about.com,Male,Senior Developer
266,Courtnay,Jennaroy,cjennaroy7d@time.com,Male,Senior Cost Accountant
267,Halimeda,Echalie,hechalie7e@usa.gov,Female,Assistant Manager
268,Terry,Pooly,tpooly7f@meetup.com,Non-binary,Graphic Designer
269,Renaldo,Fawbert,rfawbert7g@xing.com,Male,Payment Adjustment Coordinator
270,Jard,Siviour,jsiviour7h@buzzfeed.com,Male,Cost Accountant
271,Micah,Landells,mlandells7i@china.com.cn,Male,Research Assistant I
272,Rochester,Chicken,rchicken7j@gizmodo.com,Male,Structural Analysis Engineer
273,Earlie,Oret,eoret7k@archive.org,Male,Recruiter
274,Stefanie,Cressor,scressor7l@wordpress.com,Female,Media Manager II
275,Shelton,Brechin,sbrechin7m@storify.com,Male,Web Designer III
276,Teodorico,Mickan,tmickan7n@va.gov,Male,Recruiting Manager
277,Yalonda,Halling,yhalling7o@businessweek.com,Female,Accounting Assistant I
278,Charmane,Rabjohns,crabjohns7p@topsy.com,Female,Account Coordinator
279,Arnaldo,Althrope,aalthrope7q@amazon.com,Male,Design Engineer
280,Amandie,Patria,apatria7r@cnbc.com,Female,Tax Accountant
281,Ivette,Crispe,icrispe7s@sfgate.com,Female,Paralegal
282,Fabian,Tersay,ftersay7t@delicious.com,Male,Automation Specialist II
283,Aleta,Daymont,adaymont7u@paypal.com,Female,Human Resources Assistant II
284,Glynis,Bampton,gbampton7v@shinystat.com,Female,Marketing Manager
285,Augie,Shadfourth,ashadfourth7w@sogou.com,Male,Electrical Engineer
286,Corry,Hambleton,chambleton7x@unblog.fr,Non-binary,Database Administrator IV
287,Adolf,O' Shea,aoshea7y@disqus.com,Male,Senior Cost Accountant
288,Rori,De Brett,rdebrett7z@loc.gov,Female,Marketing Assistant
289,Brian,Griffitts,bgriffitts80@domainmarket.com,Male,Administrative Assistant III
290,Orlan,Hardiman,ohardiman81@geocities.jp,Male,Senior Developer
291,Claudette,Frizell,cfrizell82@github.io,Female,Cost Accountant
292,Connie,Freckingham,cfreckingham83@blogtalkradio.com,Male,Human Resources Manager
293,Mallory,Shoobridge,mshoobridge84@chron.com,Male,Web Designer II
294,Fernande,Kirdsch,fkirdsch85@dell.com,Female,Structural Engineer
295,Gayel,Nickoles,gnickoles86@icio.us,Female,Office Assistant II
296,Durward,Cowlard,dcowlard87@gravatar.com,Male,Quality Engineer
297,Daphene,Barnhart,dbarnhart88@miitbeian.gov.cn,Female,Tax Accountant
298,Hollie,Klimpt,hklimpt89@smugmug.com,Female,Account Representative IV
299,Jarad,Hainning,jhainning8a@thetimes.co.uk,Male,Media Manager IV
300,Lind,Lie,llie8b@cdbaby.com,Female,Junior Executive
301,Peyton,Gutch,pgutch8c@com.com,Male,Project Manager
302,Johnny,Eslie,jeslie8d@squidoo.com,Male,VP Accounting
303,Markos,Meffan,mmeffan8e@vinaora.com,Male,Software Test Engineer II
304,Eyde,Kernaghan,ekernaghan8f@imageshack.us,Female,Web Designer IV
305,Whitney,Sturridge,wsturridge8g@ustream.tv,Male,Nuclear Power Engineer
306,Monty,Sharvell,msharvell8h@furl.net,Male,Professor
307,Arnaldo,Milson,amilson8i@nationalgeographic.com,Male,Technical Writer
308,Ermentrude,Brient,ebrient8j@instagram.com,Female,Computer Systems Analyst III
309,Marna,Kimble,mkimble8k@gov.uk,Female,Assistant Media Planner
310,Sharlene,Rickersey,srickersey8l@google.fr,Female,Sales Representative
311,Rob,Bedome,rbedome8m@netlog.com,Genderfluid,Social Worker
312,Adelbert,Gailor,agailor8n@lulu.com,Male,Social Worker
313,Fania,Tattershall,ftattershall8o@example.com,Female,Statistician II
314,Martica,Tift,mtift8p@bizjournals.com,Female,Environmental Specialist
315,Kristopher,Cronshaw,kcronshaw8q@japanpost.jp,Male,Assistant Professor
316,Boy,Avarne,bavarne8r@cornell.edu,Male,Nurse Practicioner
317,Nero,Stokell,nstokell8s@stumbleupon.com,Male,Graphic Designer
318,Norah,Welbeck,nwelbeck8t@unicef.org,Female,Pharmacist
319,Kakalina,Turbat,kturbat8u@narod.ru,Female,Database Administrator I
320,Brett,Newiss,bnewiss8v@narod.ru,Agender,Staff Accountant I
321,Sammy,Syder,ssyder8w@skype.com,Male,Librarian
322,Jaquenetta,Corteis,jcorteis8x@hostgator.com,Female,Editor
323,Darryl,Truelock,dtruelock8y@yelp.com,Female,Marketing Assistant
324,Kathrine,Lashley,klashley8z@mysql.com,Female,VP Quality Control
325,Manuel,Backshell,mbackshell90@printfriendly.com,Male,Administrative Assistant III
326,Kamillah,Tompsett,ktompsett91@biglobe.ne.jp,Female,Dental Hygienist
327,Maurita,Stanney,mstanney92@kickstarter.com,Female,Nurse
328,Aryn,Bolle,abolle93@cnet.com,Female,Civil Engineer
329,Tammie,Brecknall,tbrecknall94@china.com.cn,Male,Computer Systems Analyst I
330,Katerine,Cheater,kcheater95@google.es,Female,Software Consultant
331,Marney,Izsak,mizsak96@aol.com,Female,Professor
332,Nady,Van den Velden,nvandenvelden97@imgur.com,Female,Compensation Analyst
333,Gav,Briddock,gbriddock98@tamu.edu,Bigender,Sales Representative
334,Lucinda,MacAdam,lmacadam99@marriott.com,Female,Data Coordinator
335,Lombard,Gloster,lgloster9a@disqus.com,Male,GIS Technical Architect
336,Elenore,Bufton,ebufton9b@tinyurl.com,Female,Nurse
337,Car,Innocent,cinnocent9c@mozilla.org,Male,Health Coach IV
338,Chelsy,Klosterman,cklosterman9d@un.org,Female,Nuclear Power Engineer
339,Claire,Mathissen,cmathissen9e@ehow.com,Male,Payment Adjustment Coordinator
340,Augie,Vogele,avogele9f@blinklist.com,Male,Programmer III
341,Nickie,Drysdall,ndrysdall9g@biglobe.ne.jp,Male,Systems Administrator IV
342,Gail,Jorin,gjorin9h@theglobeandmail.com,Male,Librarian
343,Bonni,Heiden,bheiden9i@dyndns.org,Female,Chief Design Engineer
344,Annaliese,Dunbar,adunbar9j@craigslist.org,Female,Research Nurse
345,Gwenny,Signori,gsignori9k@elpais.com,Female,Social Worker
346,Lorin,Kayley,lkayley9l@ucla.edu,Male,Administrative Assistant IV
347,Petrina,Kippin,pkippin9m@cpanel.net,Female,Help Desk Technician
348,Catie,Buy,cbuy9n@angelfire.com,Female,Budget/Accounting Analyst II
349,Lutero,Cadlock,lcadlock9o@stanford.edu,Male,Recruiter
350,Marietta,Ivers,mivers9p@booking.com,Female,Help Desk Technician
351,Valentina,Stagg,vstagg9q@dyndns.org,Female,Electrical Engineer
352,Marillin,Djorevic,mdjorevic9r@archive.org,Female,Sales Representative
353,Gilli,Colebourne,gcolebourne9s@1688.com,Female,Financial Analyst
354,Curt,Shackesby,cshackesby9t@wp.com,Non-binary,Physical Therapy Assistant
355,Tate,Giovanizio,tgiovanizio9u@time.com,Male,Systems Administrator III
356,Joyann,Alps,jalps9v@yahoo.com,Female,Web Designer I
357,Marcelia,Jerrard,mjerrard9w@tmall.com,Female,Structural Engineer
358,Ardra,Sedwick,asedwick9x@shop-pro.jp,Female,Business Systems Development Analyst
359,Eolande,MacGahy,emacgahy9y@google.com.br,Female,Senior Quality Engineer
360,Chase,Wilbor,cwilbor9z@themeforest.net,Male,Marketing Assistant
361,Idell,Bodesson,ibodessona0@answers.com,Female,Account Executive
362,Latia,Deerness,ldeernessa1@marketwatch.com,Female,Civil Engineer
363,Dominica,Camilletti,dcamillettia2@dropbox.com,Female,Payment Adjustment Coordinator
364,Bing,Ullock,bullocka3@blog.com,Male,Executive Secretary
365,Izabel,Breitler,ibreitlera4@japanpost.jp,Female,Help Desk Operator
366,Derk,de Courcy,ddecourcya5@wunderground.com,Male,Senior Financial Analyst
367,Zelda,Hartrick,zhartricka6@sfgate.com,Female,Geological Engineer
368,Lorry,Allery,lallerya7@guardian.co.uk,Female,Geologist I
369,Thomasina,Sharple,tsharplea8@go.com,Female,Financial Analyst
370,Gerri,Kestle,gkestlea9@nbcnews.com,Female,Web Designer III
371,Bar,Dowling,bdowlingaa@diigo.com,Male,Research Assistant II
372,Clareta,Hanby,chanbyab@stanford.edu,Female,Paralegal
373,Abdel,Francino,afrancinoac@creativecommons.org,Male,Analyst Programmer
374,Kassey,I'anson,kiansonad@mit.edu,Female,Web Designer II
375,Lorne,Daynter,ldaynterae@creativecommons.org,Male,Civil Engineer
376,Riley,Ainscow,rainscowaf@mapquest.com,Male,VP Product Management
377,Bastien,Gerring,bgerringag@chronoengine.com,Male,Dental Hygienist
378,Queenie,Bidgod,qbidgodah@wordpress.com,Female,Product Engineer
379,Harold,Ainscough,hainscoughai@adobe.com,Male,Nuclear Power Engineer
380,Ralph,Benkhe,rbenkheaj@stumbleupon.com,Male,Marketing Assistant
381,Consalve,Jeste,cjesteak@yandex.ru,Male,Web Designer III
382,Virge,McGlaud,vmcglaudal@cocolog-nifty.com,Male,Librarian
383,Sunny,Attenbarrow,sattenbarrowam@cafepress.com,Male,Administrative Officer
384,Kath,Speechley,kspeechleyan@imageshack.us,Female,Automation Specialist II
385,Nikolaus,Stansbie,nstansbieao@dot.gov,Male,Programmer I
386,Cyndy,Tomkys,ctomkysap@senate.gov,Female,Senior Quality Engineer
387,Cesya,Mattia,cmattiaaq@netvibes.com,Female,Technical Writer
388,Larina,Lindmark,llindmarkar@tripadvisor.com,Female,Dental Hygienist
389,Vern,Trevear,vtrevearas@soundcloud.com,Male,Accounting Assistant II
390,Harley,O'Spillane,hospillaneat@dmoz.org,Male,Information Systems Manager
391,Berky,Tribell,btribellau@economist.com,Male,Junior Executive
392,Alyssa,Frotton,afrottonav@columbia.edu,Female,Analyst Programmer
393,Horacio,Ege,hegeaw@cdc.gov,Male,Physical Therapy Assistant
394,Mitchael,Blas,mblasax@godaddy.com,Male,Paralegal
395,Revkah,Staunton,rstauntonay@ed.gov,Female,Safety Technician III
396,Mindy,Caughey,mcaugheyaz@51.la,Female,Account Executive
397,Jessa,McGrale,jmcgraleb0@dion.ne.jp,Female,Engineer I
398,Lenka,Malpas,lmalpasb1@linkedin.com,Female,Engineer II
399,Donall,Starbeck,dstarbeckb2@ucoz.com,Male,Data Coordinator
400,Marnie,Handasyde,mhandasydeb3@seattletimes.com,Female,Structural Analysis Engineer
401,Mahmud,Leftley,mleftleyb4@freewebs.com,Male,Quality Engineer
402,Yelena,Arnoldi,yarnoldib5@discovery.com,Female,Payment Adjustment Coordinator
403,Preston,MacCartair,pmaccartairb6@businessinsider.com,Agender,Project Manager
404,Lorrin,Manueli,lmanuelib7@samsung.com,Female,Research Assistant IV
405,Cornelle,Trenoweth,ctrenowethb8@un.org,Female,Paralegal
406,Grannie,Gwyther,ggwytherb9@gmpg.org,Male,Web Developer III
407,Bev,Redon,bredonba@businesswire.com,Male,Electrical Engineer
408,Joline,Crosseland,jcrosselandbb@istockphoto.com,Female,VP Quality Control
409,Ame,Choupin,achoupinbc@tumblr.com,Female,Accounting Assistant III
410,Janine,Local,jlocalbd@twitter.com,Female,Research Nurse
411,Kial,Howick,khowickbe@mac.com,Female,Occupational Therapist
412,Lockwood,Ledram,lledrambf@twitter.com,Male,Staff Accountant I
413,Otis,Crace,ocracebg@webnode.com,Male,Mechanical Systems Engineer
414,Freeland,Ludlamme,fludlammebh@twitpic.com,Male,Community Outreach Specialist
415,Ermina,Marriot,emarriotbi@macromedia.com,Female,Senior Editor
416,Lon,Gauden,lgaudenbj@sciencedirect.com,Male,Data Coordinator
417,Bel,Allon,ballonbk@state.tx.us,Female,Clinical Specialist
418,Jakob,Carradice,jcarradicebl@indiatimes.com,Male,Research Assistant III
419,Percy,Bradnick,pbradnickbm@seattletimes.com,Male,Programmer Analyst I
420,Sherill,Schimke,sschimkebn@cbsnews.com,Female,Nuclear Power Engineer
421,Damiano,Cornehl,dcornehlbo@cam.ac.uk,Male,Physical Therapy Assistant
422,Russ,Buttrum,rbuttrumbp@pagesperso-orange.fr,Polygender,VP Product Management
423,Silvester,Sivills,ssivillsbq@unblog.fr,Agender,Analog Circuit Design manager
424,Xever,Vennings,xvenningsbr@cdbaby.com,Male,Social Worker
425,Aime,Pringell,apringellbs@jalbum.net,Female,Recruiting Manager
426,Meredithe,Jope,mjopebt@altervista.org,Agender,Programmer III
427,Urson,Victoria,uvictoriabu@com.com,Male,Internal Auditor
428,Abel,Palia,apaliabv@trellian.com,Male,Account Representative II
429,Francoise,Ewington,fewingtonbw@angelfire.com,Non-binary,Teacher
430,Fabe,Whines,fwhinesbx@epa.gov,Male,GIS Technical Architect
431,Holmes,Gatheridge,hgatheridgeby@yahoo.co.jp,Male,Human Resources Manager
432,Amity,Mobberley,amobberleybz@who.int,Female,Food Chemist
433,Tyson,Haith,thaithc0@discuz.net,Male,Director of Sales
434,Vivianne,Antonsson,vantonssonc1@cloudflare.com,Female,Programmer II
435,Jerri,Martinek,jmartinekc2@slashdot.org,Male,VP Marketing
436,Daisey,Shillabeare,dshillabearec3@ocn.ne.jp,Female,VP Quality Control
437,Marshal,Wallas,mwallasc4@fda.gov,Male,Biostatistician IV
438,Raquela,Edgcombe,redgcombec5@w3.org,Agender,Engineer II
439,Rurik,Stonbridge,rstonbridgec6@deliciousdays.com,Male,Internal Auditor
440,Finlay,Blanckley,fblanckleyc7@netscape.com,Male,Account Representative I
441,Wandis,Eannetta,weannettac8@seattletimes.com,Female,Occupational Therapist
442,Skip,Ciciari,sciciaric9@clickbank.net,Male,Sales Associate
443,Carmelita,Donati,cdonatica@state.tx.us,Female,Help Desk Technician
444,Julee,Maskelyne,jmaskelynecb@zimbio.com,Female,Associate Professor
445,Clarine,Gyurko,cgyurkocc@rakuten.co.jp,Female,Account Coordinator
446,Gunar,Maghull,gmaghullcd@cdbaby.com,Male,Accountant IV
447,Willis,Vonderdell,wvonderdellce@wisc.edu,Male,Analyst Programmer
448,Borg,Di Ruggiero,bdiruggierocf@ihg.com,Male,Office Assistant IV
449,Shalne,Gentiry,sgentirycg@mit.edu,Female,Mechanical Systems Engineer
450,Jerrylee,Iffe,jiffech@lulu.com,Female,Software Test Engineer I
451,Laurent,Van Leijs,lvanleijsci@free.fr,Male,Civil Engineer
452,Vanessa,Saltmarshe,vsaltmarshecj@nps.gov,Female,Human Resources Assistant IV
453,Teddy,Leckenby,tleckenbyck@archive.org,Male,Executive Secretary
454,Mallory,Rathmell,mrathmellcl@artisteer.com,Female,Office Assistant I
455,Hewe,Mingame,hmingamecm@google.fr,Male,Software Test Engineer I
456,Fran,Mazonowicz,fmazonowiczcn@ocn.ne.jp,Male,Research Associate
457,Mignonne,Budcock,mbudcockco@ted.com,Female,Web Designer I
458,Brenden,Inns,binnscp@list-manage.com,Male,Assistant Manager
459,Drucill,Turpin,dturpincq@123-reg.co.uk,Female,Recruiting Manager
460,Stanislas,Winchurch,swinchurchcr@vimeo.com,Male,Account Executive
461,Maris,Porch,mporchcs@irs.gov,Female,Compensation Analyst
462,Meg,Matskevich,mmatskevichct@toplist.cz,Female,Senior Editor
463,Alexina,Grugerr,agrugerrcu@independent.co.uk,Female,Structural Engineer
464,Horacio,Venediktov,hvenediktovcv@youtube.com,Male,Cost Accountant
465,Chris,Spratley,cspratleycw@seattletimes.com,Male,Programmer III
466,Fonsie,Kean,fkeancx@oracle.com,Male,Software Test Engineer III
467,Nettle,Tretwell,ntretwellcy@odnoklassniki.ru,Female,Chief Design Engineer
468,Bertrand,Farish,bfarishcz@mlb.com,Male,Marketing Manager
469,Austina,Devas,adevasd0@shinystat.com,Female,Technical Writer
470,Rosabel,Gavriel,rgavrield1@youku.com,Female,Administrative Assistant III
471,Daniela,Spradbery,dspradberyd2@flickr.com,Female,Research Assistant I
472,Lars,Fitzackerley,lfitzackerleyd3@dion.ne.jp,Male,Civil Engineer
473,Carmella,Tatlowe,ctatlowed4@ed.gov,Genderfluid,Senior Sales Associate
474,Forbes,Jirzik,fjirzikd5@yahoo.co.jp,Male,VP Sales
475,Oby,Redit,oreditd6@vimeo.com,Male,Staff Accountant I
476,Caspar,Guye,cguyed7@aol.com,Male,Accountant II
477,Rik,Quye,rquyed8@seesaa.net,Male,Account Coordinator
478,Kalvin,Maberley,kmaberleyd9@telegraph.co.uk,Male,Cost Accountant
479,Cassondra,Golden,cgoldenda@youku.com,Female,Software Test Engineer III
480,Carlin,Shildrick,cshildrickdb@artisteer.com,Female,Physical Therapy Assistant
481,Reina,Dumbrill,rdumbrilldc@digg.com,Female,Accountant III
482,Bourke,Broomfield,bbroomfielddd@webs.com,Male,Structural Analysis Engineer
483,Ellissa,Newport,enewportde@elpais.com,Female,Civil Engineer
484,Nev,Pesselt,npesseltdf@freewebs.com,Male,Programmer II
485,Barnaby,Asp,baspdg@wsj.com,Genderfluid,Help Desk Operator
486,Bellanca,Everitt,beverittdh@cafepress.com,Female,Programmer II
487,Anna-diana,Gian,agiandi@smh.com.au,Female,Health Coach I
488,Star,Giraudou,sgiraudoudj@irs.gov,Female,Structural Engineer
489,Emmalynne,Tidcomb,etidcombdk@nydailynews.com,Female,Senior Developer
490,Genvieve,Doble,gdobledl@lycos.com,Female,Programmer Analyst II
491,Wilden,Ullock,wullockdm@nationalgeographic.com,Male,Senior Sales Associate
492,Baudoin,Yea,byeadn@engadget.com,Male,Help Desk Operator
493,Reinhold,Malyj,rmalyjdo@topsy.com,Male,Media Manager I
494,Vince,Swinnard,vswinnarddp@bigcartel.com,Male,Mechanical Systems Engineer
495,Osborn,Havik,ohavikdq@facebook.com,Polygender,Teacher
496,Jillene,Dally,jdallydr@sciencedaily.com,Female,Nurse
497,Peter,Donn,pdonnds@quantcast.com,Male,Data Coordinator
498,Lin,Wildish,lwildishdt@4shared.com,Female,Editor
499,Ladonna,Ewebank,lewebankdu@abc.net.au,Female,Social Worker
500,Fairfax,Obington,fobingtondv@ocn.ne.jp,Male,Electrical Engineer
501,Dehlia,Morgan,dmorgandw@cdbaby.com,Female,Staff Accountant II
502,Noelle,Ritson,nritsondx@scribd.com,Female,Product Engineer
503,Luther,Grimmert,lgrimmertdy@independent.co.uk,Male,Software Test Engineer IV
504,Boyce,Cayford,bcayforddz@prweb.com,Male,Senior Cost Accountant
505,Lucias,Reston,lrestone0@dmoz.org,Male,Occupational Therapist
506,Marcelia,Yakuntzov,myakuntzove1@nps.gov,Female,Actuary
507,Jdavie,Melanaphy,jmelanaphye2@reference.com,Non-binary,GIS Technical Architect
508,Karolina,Dicte,kdictee3@hhs.gov,Female,Software Consultant
509,Elonore,Blazevic,eblazevice4@usatoday.com,Female,Senior Cost Accountant
510,Allyn,Jurisic,ajurisice5@list-manage.com,Female,Project Manager
511,Glen,Balentyne,gbalentynee6@dmoz.org,Female,Geological Engineer
512,Bertram,Whiff,bwhiffe7@trellian.com,Male,Financial Analyst
513,Mateo,Tollady,mtolladye8@cpanel.net,Male,Occupational Therapist
514,Lizzy,Denkin,ldenkine9@zdnet.com,Female,Librarian
515,Erin,Camelli,ecamelliea@mapquest.com,Female,Software Consultant
516,Alexio,Linfield,alinfieldeb@indiatimes.com,Male,Associate Professor
517,Dita,Crighton,dcrightonec@auda.org.au,Female,Engineer III
518,Ali,Gairdner,agairdnered@ezinearticles.com,Male,Editor
519,Nicky,Loalday,nloaldayee@cafepress.com,Male,Staff Accountant IV
520,Koren,Hay,khayef@scribd.com,Female,Teacher
521,Mab,Dresser,mdressereg@jalbum.net,Female,Software Test Engineer II
522,Lauraine,Faich,lfaicheh@cbslocal.com,Female,Environmental Tech
523,Burgess,Blandamore,bblandamoreei@dailymail.co.uk,Male,Physical Therapy Assistant
524,Shae,Brezlaw,sbrezlawej@dropbox.com,Male,VP Sales
525,Spence,Chinn,schinnek@list-manage.com,Male,Information Systems Manager
526,Clayborne,Di Giorgio,cdigiorgioel@studiopress.com,Male,Business Systems Development Analyst
527,Austina,Wagstaffe,awagstaffeem@gnu.org,Female,Nurse Practicioner
528,Maire,Drayton,mdraytonen@nydailynews.com,Female,Statistician II
529,Sergent,Piel,spieleo@psu.edu,Male,VP Accounting
530,Rourke,Vispo,rvispoep@istockphoto.com,Male,Actuary
531,Tobie,De Gowe,tdegoweeq@theguardian.com,Male,Product Engineer
532,Faydra,Skells,fskellser@hubpages.com,Female,Editor
533,Teodoro,Buttrum,tbuttrumes@shop-pro.jp,Male,Senior Developer
534,Jacquetta,Riseley,jriseleyet@creativecommons.org,Genderfluid,Nuclear Power Engineer
535,Sherilyn,Trounson,strounsoneu@cargocollective.com,Female,Office Assistant I
536,Tricia,Burl,tburlev@ehow.com,Polygender,Operator
537,Rubina,Guly,rgulyew@privacy.gov.au,Female,Accountant III
538,Cornell,Farndon,cfarndonex@accuweather.com,Male,Food Chemist
539,Farah,Varndell,fvarndelley@google.ru,Female,Help Desk Technician
540,Kristin,Geeraert,kgeeraertez@apache.org,Female,Chemical Engineer
541,Sancho,D'Andrea,sdandreaf0@merriam-webster.com,Male,Junior Executive
542,Dido,Everett,deverettf1@umich.edu,Female,Assistant Media Planner
543,Patience,Kinforth,pkinforthf2@wordpress.org,Female,Systems Administrator I
544,Jannel,Georgeon,jgeorgeonf3@walmart.com,Non-binary,Sales Associate
545,Claire,Clist,cclistf4@ucsd.edu,Male,Payment Adjustment Coordinator
546,Aggy,Everly,aeverlyf5@xrea.com,Female,Senior Sales Associate
547,Rick,Ledbetter,rledbetterf6@yale.edu,Male,Physical Therapy Assistant
548,Collete,Scourfield,cscourfieldf7@newsvine.com,Female,Legal Assistant
549,Michale,Natalie,mnatalief8@shinystat.com,Male,Financial Advisor
550,Julie,Barnes,jbarnesf9@cisco.com,Female,Executive Secretary
551,Dmitri,Maxwaile,dmaxwailefa@theatlantic.com,Male,Safety Technician III
552,Conrad,Blodg,cblodgfb@cam.ac.uk,Non-binary,Clinical Specialist
553,Willie,Storrs,wstorrsfc@eventbrite.com,Male,Developer I
554,Boycie,Haily,bhailyfd@discuz.net,Male,Quality Engineer
555,Oliviero,Waud,owaudfe@howstuffworks.com,Male,Research Nurse
556,Buffy,Denyakin,bdenyakinff@pinterest.com,Female,VP Marketing
557,Stillman,Twelves,stwelvesfg@cbslocal.com,Genderqueer,Desktop Support Technician
558,Erie,McElvogue,emcelvoguefh@admin.ch,Male,Senior Sales Associate
559,Katherina,Wiltshire,kwiltshirefi@yale.edu,Female,Internal Auditor
560,Bartholomeo,Corsar,bcorsarfj@vinaora.com,Male,Dental Hygienist
561,Urban,Fairfull,ufairfullfk@com.com,Male,Social Worker
562,Ettie,Mandres,emandresfl@fema.gov,Female,Sales Representative
563,Alvie,Lettley,alettleyfm@comcast.net,Male,Administrative Assistant III
564,Wilhelm,Voase,wvoasefn@sohu.com,Male,Staff Accountant IV
565,Hansiain,Azam,hazamfo@theglobeandmail.com,Male,Statistician II
566,Marchall,Parram,mparramfp@aol.com,Male,Web Developer III
567,Ellynn,Lythgoe,elythgoefq@jiathis.com,Female,Research Associate
568,Lewie,Nials,lnialsfr@lulu.com,Male,Human Resources Manager
569,Sayres,Tabbitt,stabbittfs@amazon.com,Male,Human Resources Manager
570,Hobart,Fossick,hfossickft@ucoz.ru,Male,Biostatistician IV
571,Katina,Wherrett,kwherrettfu@sourceforge.net,Female,Civil Engineer
572,Kahlil,Cammoile,kcammoilefv@accuweather.com,Male,Electrical Engineer
573,Rois,Crasswell,rcrasswellfw@nymag.com,Female,Senior Quality Engineer
574,Virgie,Chapleo,vchapleofx@dedecms.com,Male,Cost Accountant
575,Minette,Bew,mbewfy@sakura.ne.jp,Female,Human Resources Assistant I
576,Calley,Rust,crustfz@patch.com,Female,Compensation Analyst
577,Hayley,Millin,hmilling0@reuters.com,Female,Payment Adjustment Coordinator
578,Luce,Clemanceau,lclemanceaug1@irs.gov,Male,Operator
579,Hallsy,Ivanaev,hivanaevg2@loc.gov,Male,Structural Analysis Engineer
580,Seward,Beddis,sbeddisg3@shinystat.com,Male,Senior Editor
581,Rorke,Cherrison,rcherrisong4@twitter.com,Male,Tax Accountant
582,Rina,Eteen,reteeng5@acquirethisname.com,Female,Systems Administrator IV
583,Carena,Clausius,cclausiusg6@mtv.com,Female,Systems Administrator II
584,Emery,Dingwall,edingwallg7@mtv.com,Male,Software Engineer III
585,Darby,Hallford,dhallfordg8@vimeo.com,Female,Compensation Analyst
586,Pamela,Rosenfrucht,prosenfruchtg9@weebly.com,Female,Account Executive
587,Joshua,Perchard,jperchardga@hostgator.com,Male,Physical Therapy Assistant
588,Farr,Goulder,fgouldergb@unblog.fr,Male,Information Systems Manager
589,Gearard,Mariot,gmariotgc@wikipedia.org,Male,Web Developer IV
590,Morgen,Pears,mpearsgd@microsoft.com,Female,Research Associate
591,Ashbey,Eddolls,aeddollsge@pen.io,Bigender,Budget/Accounting Analyst II
592,Jerrome,Reina,jreinagf@skype.com,Male,Payment Adjustment Coordinator
593,Ethelind,O'Regan,eoregangg@blogtalkradio.com,Female,Operator
594,Mill,Rosenvasser,mrosenvassergh@hubpages.com,Male,Social Worker
595,Eleni,Mochar,emochargi@mysql.com,Female,Analog Circuit Design manager
596,Reuven,Baulch,rbaulchgj@ebay.co.uk,Male,Quality Engineer
597,Juli,Glasbey,jglasbeygk@tamu.edu,Female,Occupational Therapist
598,Winifred,Dumini,wduminigl@nih.gov,Female,Senior Developer
599,Budd,Cahill,bcahillgm@amazon.co.uk,Male,VP Marketing
600,Olly,Yersin,oyersingn@redcross.org,Female,Assistant Manager
601,Melany,Baggs,mbaggsgo@hud.gov,Female,GIS Technical Architect
602,Jenni,Sampson,jsampsongp@wikia.com,Bigender,Director of Sales
603,Emanuele,Engelbrecht,eengelbrechtgq@cafepress.com,Male,Programmer IV
604,Corbin,Penketh,cpenkethgr@networksolutions.com,Male,Account Executive
605,Vivie,Rous,vrousgs@archive.org,Female,Statistician I
606,Tymothy,Briance,tbriancegt@de.vu,Male,Recruiter
607,Tine,Winspire,twinspiregu@comsenz.com,Female,VP Marketing
608,Tasia,Fluger,tflugergv@nba.com,Female,Accounting Assistant IV
609,Sile,Whichelow,swhichelowgw@redcross.org,Female,Geological Engineer
610,Cami,Ewbank,cewbankgx@jalbum.net,Female,Analog Circuit Design manager
611,Hadrian,Kingstne,hkingstnegy@yale.edu,Male,Administrative Officer
612,Anne-corinne,Iorillo,aiorillogz@unc.edu,Female,VP Sales
613,Barney,Grigore,bgrigoreh0@php.net,Male,Statistician II
614,Julietta,Woolland,jwoollandh1@cdc.gov,Female,Computer Systems Analyst III
615,Karita,Durno,kdurnoh2@cafepress.com,Female,Dental Hygienist
616,Agata,McPeake,amcpeakeh3@forbes.com,Female,Media Manager IV
617,Sean,Paulot,spauloth4@walmart.com,Female,Account Representative II
618,Krystalle,Salvati,ksalvatih5@liveinternet.ru,Female,Human Resources Assistant II
619,Irene,Mc Giffin,imcgiffinh6@japanpost.jp,Female,Research Assistant II
620,Sonnie,Siemon,ssiemonh7@icq.com,Male,General Manager
621,Uri,Berzins,uberzinsh8@typepad.com,Male,Registered Nurse
622,Alphonso,Gladbeck,agladbeckh9@google.es,Male,Internal Auditor
623,Abbie,Kynaston,akynastonha@yahoo.com,Male,Research Assistant I
624,Jenni,Draper,jdraperhb@who.int,Female,VP Quality Control
625,Cordula,Netherclift,cnetherclifthc@zdnet.com,Female,Senior Sales Associate
626,Tiffi,Normanville,tnormanvillehd@seattletimes.com,Agender,Technical Writer
627,Rebeka,Laverack,rlaverackhe@ted.com,Female,Software Engineer III
628,Celisse,Bogie,cbogiehf@timesonline.co.uk,Polygender,Staff Scientist
629,Mozelle,Alwin,malwinhg@usda.gov,Female,VP Marketing
630,Stacia,Ginsie,sginsiehh@tinypic.com,Female,Professor
631,Korie,Salla,ksallahi@businessinsider.com,Female,Automation Specialist I
632,Carina,Panichelli,cpanichellihj@cloudflare.com,Agender,Professor
633,Natasha,Reggiani,nreggianihk@arstechnica.com,Female,Staff Accountant III
634,Jamil,Nutley,jnutleyhl@webs.com,Male,Accountant IV
635,Kalie,Vain,kvainhm@comsenz.com,Female,Internal Auditor
636,Paola,Raffeorty,praffeortyhn@marriott.com,Female,VP Accounting
637,Barret,Poole,bpooleho@washington.edu,Male,Structural Analysis Engineer
638,Codi,Kollas,ckollashp@github.io,Female,Human Resources Manager
639,Eleonora,Yuryatin,eyuryatinhq@mozilla.com,Female,Pharmacist
640,Lynelle,Burroughes,lburrougheshr@fda.gov,Female,Senior Editor
641,Odilia,Hackford,ohackfordhs@deliciousdays.com,Female,Software Engineer II
642,Chelsie,Andren,candrenht@dell.com,Female,Automation Specialist I
643,Derrik,Songest,dsongesthu@who.int,Agender,Environmental Tech
644,Dannye,McIlwraith,dmcilwraithhv@craigslist.org,Female,Food Chemist
645,Briggs,Daingerfield,bdaingerfieldhw@example.com,Male,Food Chemist
646,Rudy,Leban,rlebanhx@weebly.com,Male,VP Quality Control
647,Linnie,Chettoe,lchettoehy@si.edu,Female,Human Resources Manager
648,Ettie,Murrigans,emurriganshz@who.int,Female,Quality Control Specialist
649,Wayland,Cowell,wcowelli0@linkedin.com,Male,Account Representative II
650,Jens,Thurlbourne,jthurlbournei1@smh.com.au,Male,Information Systems Manager
651,Sherie,Graser,sgraseri2@sina.com.cn,Female,Professor
652,Cly,Wodeland,cwodelandi3@twitpic.com,Male,Financial Advisor
653,Ahmed,Atlay,aatlayi4@omniture.com,Bigender,Chemical Engineer
654,Ekaterina,Spracklin,espracklini5@ed.gov,Female,Help Desk Operator
655,Talia,Mityakov,tmityakovi6@livejournal.com,Female,Developer II
656,Sollie,Shinefield,sshinefieldi7@bbb.org,Male,Health Coach III
657,Shea,Blais,sblaisi8@tamu.edu,Female,Help Desk Technician
658,Buck,Craney,bcraneyi9@ucla.edu,Male,Automation Specialist I
659,Moreen,Slimming,mslimmingia@so-net.ne.jp,Female,Geological Engineer
660,Vaughan,Badam,vbadamib@blogspot.com,Male,Technical Writer
661,Wynne,Harnett,wharnettic@squarespace.com,Female,Registered Nurse
662,Lorene,Boxill,lboxillid@ft.com,Female,Dental Hygienist
663,Martie,Eastwood,meastwoodie@artisteer.com,Male,Geologist I
664,Malynda,Witterick,mwitterickif@apple.com,Female,Quality Engineer
665,Richardo,Botting,rbottingig@list-manage.com,Male,Project Manager
666,Guinevere,De Cruz,gdecruzih@tiny.cc,Female,Data Coordinator
667,Karlan,Jedrzaszkiewicz,kjedrzaszkiewiczii@mapquest.com,Male,Geological Engineer
668,Berni,Branni,bbranniij@amazon.co.uk,Female,Senior Developer
669,Liv,Gives,lgivesik@msn.com,Female,Senior Developer
670,Lemuel,Dancey,ldanceyil@shutterfly.com,Male,VP Accounting
671,Shelagh,Peery,speeryim@wikia.com,Female,Systems Administrator I
672,Heddi,Kochel,hkochelin@gnu.org,Female,Chief Design Engineer
673,Heloise,Mergue,hmergueio@amazon.com,Female,Social Worker
674,Ira,Gardiner,igardinerip@printfriendly.com,Male,Civil Engineer
675,Mignon,Cairney,mcairneyiq@yellowpages.com,Female,Product Engineer
676,Rustin,Peche,rpecheir@nsw.gov.au,Male,Speech Pathologist
677,Mendy,Pollington,mpollingtonis@irs.gov,Male,Nurse
678,Elnore,Molineux,emolineuxit@yellowbook.com,Female,GIS Technical Architect
679,Jasmin,Shovlin,jshovliniu@ask.com,Female,Director of Sales
680,Innis,Haslen,ihasleniv@eventbrite.com,Male,Geologist II
681,Kattie,Standen,kstandeniw@biblegateway.com,Female,Human Resources Manager
682,Fallon,Spir,fspirix@oaic.gov.au,Non-binary,Data Coordinator
683,Eliot,Claricoats,eclaricoatsiy@gmpg.org,Male,VP Sales
684,Erie,Keyden,ekeydeniz@artisteer.com,Male,Account Coordinator
685,Darbie,Krysztofowicz,dkrysztofowiczj0@washington.edu,Genderqueer,Biostatistician I
686,Nicholle,Cordova,ncordovaj1@jigsy.com,Bigender,Senior Sales Associate
687,Iago,Teasdale,iteasdalej2@apple.com,Male,Social Worker
688,Delaney,Huyhton,dhuyhtonj3@howstuffworks.com,Male,Accountant III
689,Eachelle,Kissell,ekissellj4@drupal.org,Female,Assistant Media Planner
690,Christiano,Varndell,cvarndellj5@timesonline.co.uk,Male,Pharmacist
691,Sibby,Whitbread,swhitbreadj6@washington.edu,Female,Staff Scientist
692,Scarlett,Weagener,sweagenerj7@disqus.com,Female,Legal Assistant
693,Jed,Bachanski,jbachanskij8@shinystat.com,Bigender,Legal Assistant
694,Rickey,Dargan,rdarganj9@hp.com,Non-binary,Human Resources Assistant II
695,Brana,Brownhill,bbrownhillja@jugem.jp,Genderqueer,Human Resources Manager
696,Ches,Maybery,cmayberyjb@parallels.com,Male,Web Designer II
697,Hillary,Castanone,hcastanonejc@hostgator.com,Female,Account Executive
698,Gaylor,Halsworth,ghalsworthjd@infoseek.co.jp,Male,Accountant I
699,Charles,Cappineer,ccappineerje@hao123.com,Male,Research Assistant I
700,Kareem,Chicken,kchickenjf@npr.org,Male,Speech Pathologist
701,Junina,Antosik,jantosikjg@infoseek.co.jp,Female,Information Systems Manager
702,Madeline,Ivie,miviejh@simplemachines.org,Female,Recruiting Manager
703,Bartlet,Ticic,bticicji@auda.org.au,Male,Senior Cost Accountant
704,Aline,Habard,ahabardjj@cisco.com,Female,Accounting Assistant II
705,Bordie,Skeel,bskeeljk@utexas.edu,Male,Teacher
706,Antoinette,Wakes,awakesjl@yellowbook.com,Female,Administrative Officer
707,Fairleigh,Semerad,fsemeradjm@ehow.com,Male,Director of Sales
708,Jacky,Trousdell,jtrousdelljn@hao123.com,Male,Librarian
709,Eldredge,Carine,ecarinejo@marriott.com,Male,Structural Analysis Engineer
710,Adolpho,Santos,asantosjp@psu.edu,Male,Human Resources Assistant I
711,Gusella,Judge,gjudgejq@themeforest.net,Female,Administrative Officer
712,Rory,Pods,rpodsjr@senate.gov,Female,General Manager
713,Benn,Lernihan,blernihanjs@yahoo.com,Male,Community Outreach Specialist
714,Fulvia,Reany,freanyjt@domainmarket.com,Female,Accountant I
715,Fairlie,Callard,fcallardju@who.int,Male,Professor
716,Ethel,Stern,esternjv@guardian.co.uk,Female,Safety Technician IV
717,Gerik,Croydon,gcroydonjw@bigcartel.com,Male,Payment Adjustment Coordinator
718,Ketti,Manns,kmannsjx@macromedia.com,Female,Analog Circuit Design manager
719,Ezechiel,Livings,elivingsjy@ibm.com,Male,Community Outreach Specialist
720,Leupold,Cowndley,lcowndleyjz@wunderground.com,Male,Legal Assistant
721,Lesly,McKenna,lmckennak0@indiegogo.com,Genderfluid,Mechanical Systems Engineer
722,Lorrie,Scullard,lscullardk1@si.edu,Male,Health Coach IV
723,Mommy,Arnecke,marneckek2@desdev.cn,Female,Systems Administrator I
724,Liam,Craigg,lcraiggk3@boston.com,Male,Chemical Engineer
725,Vaughn,Cowland,vcowlandk4@redcross.org,Male,Administrative Assistant III
726,Isabelita,Semper,isemperk5@wufoo.com,Female,Environmental Specialist
727,Larina,Jime,ljimek6@drupal.org,Female,Clinical Specialist
728,Lanny,Bunston,lbunstonk7@lulu.com,Female,Account Representative IV
729,Ethelbert,Yankishin,eyankishink8@lycos.com,Male,Social Worker
730,Hew,Hulett,hhulettk9@t.co,Male,VP Sales
731,Sydelle,MacVaugh,smacvaughka@indiatimes.com,Female,Graphic Designer
732,Harley,Elcott,helcottkb@dailymail.co.uk,Male,Budget/Accounting Analyst II
733,Leonidas,Kaes,lkaeskc@geocities.com,Male,Information Systems Manager
734,Wilburt,Ivanonko,wivanonkokd@nyu.edu,Male,Administrative Assistant III
735,Nettie,Robley,nrobleyke@last.fm,Bigender,Software Test Engineer I
736,Shirlene,Bradshaw,sbradshawkf@liveinternet.ru,Agender,Analyst Programmer
737,Ruthie,Pheasant,rpheasantkg@ovh.net,Female,Developer I
738,Chelsea,Chevers,ccheverskh@examiner.com,Female,Clinical Specialist
739,Garfield,Guerrero,gguerreroki@yelp.com,Male,Staff Accountant I
740,Sapphire,Kilmurray,skilmurraykj@vimeo.com,Female,Structural Analysis Engineer
741,Heidi,Barnhart,hbarnhartkk@soundcloud.com,Female,Biostatistician IV
742,Lynnelle,Frenzl,lfrenzlkl@google.com.br,Non-binary,Research Associate
743,Darnell,Jowers,djowerskm@yandex.ru,Male,Mechanical Systems Engineer
744,Magdalena,Westnage,mwestnagekn@cdc.gov,Female,Web Designer III
745,Ketti,Ravenhill,kravenhillko@biglobe.ne.jp,Female,Registered Nurse
746,Pansy,Sey,pseykp@dyndns.org,Non-binary,Structural Engineer
747,Borden,Branno,bbrannokq@rakuten.co.jp,Male,Professor
748,Fanchon,Holmyard,fholmyardkr@tamu.edu,Female,Programmer II
749,Elsy,Diver,ediverks@elpais.com,Female,Information Systems Manager
750,Selie,Furmagier,sfurmagierkt@usda.gov,Female,Geologist III
751,Tootsie,Noe,tnoeku@cargocollective.com,Female,Staff Accountant III
752,Aile,Varnes,avarneskv@surveymonkey.com,Female,Compensation Analyst
753,Killian,Kik,kkikkw@washingtonpost.com,Male,Occupational Therapist
754,Mic,Piola,mpiolakx@va.gov,Male,Database Administrator IV
755,Vladamir,Lenthall,vlenthallky@blogtalkradio.com,Bigender,Marketing Assistant
756,Lyndsie,Feavearyear,lfeavearyearkz@twitpic.com,Female,Research Associate
757,Traci,O'Scully,toscullyl0@reverbnation.com,Female,Assistant Media Planner
758,Emlynne,Dankov,edankovl1@indiatimes.com,Female,Registered Nurse
759,Zenia,Salazar,zsalazarl2@example.com,Female,Structural Analysis Engineer
760,Eduard,Guillon,eguillonl3@networkadvertising.org,Male,Financial Analyst
761,Coral,Minocchi,cminocchil4@apache.org,Female,Civil Engineer
762,Donnie,Kinton,dkintonl5@weebly.com,Polygender,Health Coach II
763,Maximilien,Jeske,mjeskel6@opensource.org,Male,VP Accounting
764,Inna,Klempke,iklempkel7@wsj.com,Female,Programmer II
765,Gib,McCormick,gmccormickl8@hibu.com,Male,Desktop Support Technician
766,Klarika,Iveagh,kiveaghl9@gizmodo.com,Female,Clinical Specialist
767,Julianna,Gromley,jgromleyla@angelfire.com,Female,Programmer Analyst I
768,Amity,Pobjoy,apobjoylb@economist.com,Bigender,Senior Cost Accountant
769,Thorny,Stiell,tstielllc@businessinsider.com,Male,Financial Advisor
770,Ursala,Gartsyde,ugartsydeld@cornell.edu,Female,Database Administrator III
771,Dorette,Thyng,dthyngle@networkadvertising.org,Genderfluid,Analyst Programmer
772,Fran,Vibert,fvibertlf@foxnews.com,Female,Marketing Manager
773,Bernarr,Alvey,balveylg@google.com,Male,Media Manager IV
774,Glori,Kebell,gkebelllh@mail.ru,Female,Senior Financial Analyst
775,Andreana,Adamides,aadamidesli@cmu.edu,Female,Project Manager
776,Lindsy,Hostan,lhostanlj@360.cn,Female,General Manager
777,Colet,Cole,ccolelk@pinterest.com,Male,Quality Control Specialist
778,Sinclare,Tawn,stawnll@icio.us,Male,Web Developer III
779,Rob,Chimes,rchimeslm@ebay.com,Genderfluid,Social Worker
780,Elsi,Morbey,emorbeyln@weibo.com,Female,Design Engineer
781,Lynsey,Nolder,lnolderlo@bandcamp.com,Female,Marketing Assistant
782,Matthias,Gaffon,mgaffonlp@biblegateway.com,Male,Developer II
783,Jere,Abramin,jabraminlq@t-online.de,Female,Account Coordinator
784,Nigel,Iley,nileylr@oracle.com,Male,Statistician I
785,Filide,Burns,fburnsls@sciencedaily.com,Female,Engineer III
786,Bing,Carnock,bcarnocklt@soup.io,Male,Marketing Assistant
787,Aleda,Haton,ahatonlu@yellowpages.com,Female,Assistant Media Planner
788,Iosep,Sibley,isibleylv@sphinn.com,Male,Legal Assistant
789,Edie,Blackaller,eblackallerlw@whitehouse.gov,Female,Legal Assistant
790,Aloise,Giannassi,agiannassilx@sfgate.com,Female,Staff Accountant I
791,Dorian,Ferryn,dferrynly@nbcnews.com,Female,Senior Cost Accountant
792,Pammy,Pople,ppoplelz@delicious.com,Genderqueer,Technical Writer
793,Terrijo,Normant,tnormantm0@sfgate.com,Female,Senior Cost Accountant
794,Serena,Blurton,sblurtonm1@wunderground.com,Female,Software Test Engineer I
795,Sybila,Woolley,swoolleym2@hc360.com,Polygender,Paralegal
796,Bayard,Matchett,bmatchettm3@irs.gov,Male,Engineer IV
797,Edie,Allicock,eallicockm4@sina.com.cn,Female,Web Developer II
798,Claudian,Kencott,ckencottm5@baidu.com,Male,Programmer I
799,Antonin,Beckworth,abeckworthm6@wired.com,Male,Help Desk Technician
800,Nanine,Bunting,nbuntingm7@engadget.com,Female,Legal Assistant
801,Jeramie,McKelvey,jmckelveym8@canalblog.com,Male,Research Nurse
802,Ariadne,Sandison,asandisonm9@globo.com,Female,Account Executive
803,Emmalyn,Andell,eandellma@cloudflare.com,Female,Nuclear Power Engineer
804,Ileane,Neeves,ineevesmb@nationalgeographic.com,Female,Pharmacist
805,Corty,O'Reilly,coreillymc@addtoany.com,Male,Accountant II
806,Nichols,Ryam,nryammd@cnet.com,Male,Speech Pathologist
807,Kizzee,Lescop,klescopme@ted.com,Female,Executive Secretary
808,Petr,Oade,poademf@globo.com,Male,Chief Design Engineer
809,Arabelle,Jaram,ajarammg@mac.com,Female,Librarian
810,Sherwynd,Davis,sdavismh@jugem.jp,Male,Business Systems Development Analyst
811,Gaynor,Ridesdale,gridesdalemi@accuweather.com,Female,VP Quality Control
812,Wolfgang,Dwine,wdwinemj@marketwatch.com,Male,Legal Assistant
813,Coral,Flawith,cflawithmk@archive.org,Female,Web Designer III
814,Balduin,Dickman,bdickmanml@cyberchimps.com,Male,Nurse Practicioner
815,Arley,Membry,amembrymm@illinois.edu,Male,Actuary
816,Benito,Reinmar,breinmarmn@oracle.com,Male,Research Assistant II
817,Guillemette,Martineau,gmartineaumo@sakura.ne.jp,Female,Community Outreach Specialist
818,Gerard,Rosiello,grosiellomp@omniture.com,Male,Software Engineer I
819,Aubrette,Froude,afroudemq@wikia.com,Female,Product Engineer
820,Waneta,Taleworth,wtaleworthmr@csmonitor.com,Female,Librarian
821,Ely,Undy,eundyms@mapquest.com,Male,Senior Editor
822,Brandy,McParlin,bmcparlinmt@yandex.ru,Female,Business Systems Development Analyst
823,Dewey,Gerbel,dgerbelmu@ow.ly,Male,Senior Sales Associate
824,Kendall,Pooley,kpooleymv@webeden.co.uk,Male,Assistant Manager
825,Kinny,Volette,kvolettemw@oaic.gov.au,Male,Structural Engineer
826,Jo-anne,Huntly,jhuntlymx@intel.com,Genderqueer,Quality Engineer
827,Raddy,Chaddock,rchaddockmy@tuttocitta.it,Male,Analog Circuit Design manager
828,Lorraine,Romme,lrommemz@google.com.au,Female,Associate Professor
829,Garnette,Woollhead,gwoollheadn0@meetup.com,Female,Editor
830,Darleen,Castellino,dcastellinon1@wix.com,Female,Paralegal
831,Anita,Errington,aerringtonn2@addthis.com,Female,Financial Advisor
832,Rebe,Fielders,rfieldersn3@fda.gov,Female,Physical Therapy Assistant
833,Frederik,Worsfield,fworsfieldn4@quantcast.com,Male,Office Assistant II
834,Nealson,Perche,nperchen5@wix.com,Male,Quality Control Specialist
835,Delmar,Laxon,dlaxonn6@yellowbook.com,Male,Physical Therapy Assistant
836,Erik,Izatson,eizatsonn7@nih.gov,Male,Sales Associate
837,Jessi,Chidwick,jchidwickn8@adobe.com,Female,Engineer IV
838,Luelle,Trippett,ltrippettn9@tinypic.com,Female,Senior Quality Engineer
839,Ray,McLaughlan,rmclaughlanna@fastcompany.com,Male,Office Assistant I
840,Titus,MacGray,tmacgraynb@nba.com,Male,Assistant Manager
841,Mariele,Forster,mforsternc@pbs.org,Female,Human Resources Assistant IV
842,Amitie,Kareman,akaremannd@blogtalkradio.com,Female,Mechanical Systems Engineer
843,Cherie,Cambling,ccamblingne@comsenz.com,Female,Chemical Engineer
844,Ericha,Knapton,eknaptonnf@marriott.com,Female,Director of Sales
845,Aubrette,Marquese,amarqueseng@w3.org,Female,Social Worker
846,Christin,Feely,cfeelynh@reuters.com,Female,Environmental Specialist
847,Johnnie,Guillain,jguillainni@earthlink.net,Male,Senior Sales Associate
848,Ewan,McFie,emcfienj@weather.com,Male,Statistician III
849,Fidelio,Ahrendsen,fahrendsennk@reference.com,Male,Civil Engineer
850,Krissy,Boise,kboisenl@sphinn.com,Female,Software Test Engineer II
851,Bruis,Greedy,bgreedynm@quantcast.com,Male,Administrative Officer
852,Berny,Ruoss,bruossnn@wired.com,Male,Staff Scientist
853,Gaspard,Maw,gmawno@businessinsider.com,Male,Assistant Media Planner
854,Melloney,Tear,mtearnp@tinypic.com,Genderqueer,Chief Design Engineer
855,Sholom,Lill,slillnq@ebay.co.uk,Male,VP Quality Control
856,Gladi,Pleming,gplemingnr@adobe.com,Female,Teacher
857,Alwin,Gilbard,agilbardns@skype.com,Male,Research Nurse
858,Donavon,Petriello,dpetriellont@clickbank.net,Male,Social Worker
859,Sandye,Skoggins,sskogginsnu@cocolog-nifty.com,Female,Senior Quality Engineer
860,Gene,Phillcox,gphillcoxnv@washington.edu,Male,Staff Scientist
861,Marv,Pearce,mpearcenw@naver.com,Male,Structural Analysis Engineer
862,Eustacia,Abotson,eabotsonnx@goodreads.com,Female,Senior Editor
863,Mabelle,Beesey,mbeeseyny@buzzfeed.com,Female,Physical Therapy Assistant
864,Norbie,Wellbank,nwellbanknz@telegraph.co.uk,Male,Physical Therapy Assistant
865,Irwinn,Tabourier,itabouriero0@e-recht24.de,Male,Research Associate
866,Ree,Selwin,rselwino1@feedburner.com,Female,Systems Administrator IV
867,Peta,Schuchmacher,pschuchmachero2@intel.com,Female,Internal Auditor
868,Burnard,Bowbrick,bbowbricko3@blog.com,Male,Help Desk Technician
869,Harli,Glaysher,hglayshero4@time.com,Polygender,Marketing Manager
870,Chloette,Mainds,cmaindso5@shop-pro.jp,Female,Research Assistant I
871,Judi,Keeling,jkeelingo6@foxnews.com,Female,Quality Engineer
872,Quintus,Royl,qroylo7@so-net.ne.jp,Male,Mechanical Systems Engineer
873,Melita,Sausman,msausmano8@scientificamerican.com,Female,Technical Writer
874,Daffy,Shoesmith,dshoesmitho9@i2i.jp,Female,Nurse Practicioner
875,Tonia,Quenby,tquenbyoa@google.nl,Female,Project Manager
876,Charo,Sugars,csugarsob@prlog.org,Genderqueer,VP Accounting
877,Ralph,Harrill,rharrilloc@cmu.edu,Male,Product Engineer
878,Rebbecca,Alstead,ralsteadod@squidoo.com,Female,Quality Engineer
879,Lezlie,Arran,larranoe@fastcompany.com,Female,Computer Systems Analyst III
880,Neile,Cleiment,ncleimentof@wikispaces.com,Female,Accounting Assistant II
881,Cash,Allsup,callsupog@virginia.edu,Male,Software Consultant
882,Desiree,Sottell,dsottelloh@go.com,Female,Sales Representative
883,Tore,Bergstram,tbergstramoi@ebay.com,Male,VP Accounting
884,Malanie,Creavan,mcreavanoj@fema.gov,Female,Structural Engineer
885,Hewet,Diment,hdimentok@devhub.com,Male,Product Engineer
886,Xaviera,Liddington,xliddingtonol@amazon.com,Female,Help Desk Technician
887,Miller,Jermey,mjermeyom@comcast.net,Male,Product Engineer
888,Selinda,McLeese,smcleeseon@nydailynews.com,Female,Health Coach I
889,Davy,McCallum,dmccallumoo@mit.edu,Male,Nuclear Power Engineer
890,Stewart,Spurden,sspurdenop@scribd.com,Male,VP Quality Control
891,Paolo,McTeague,pmcteagueoq@intel.com,Male,Editor
892,Mohandis,Budgeon,mbudgeonor@w3.org,Male,Account Coordinator
893,Cal,Jedrzejczyk,cjedrzejczykos@theguardian.com,Male,Geological Engineer
894,Libbi,Brandt,lbrandtot@imgur.com,Female,Nurse Practicioner
895,Henry,Woolley,hwoolleyou@google.cn,Male,Payment Adjustment Coordinator
896,Alicea,Darycott,adarycottov@nifty.com,Genderfluid,Technical Writer
897,Marabel,Handscomb,mhandscombow@springer.com,Female,Accounting Assistant III
898,Tully,Hobble,thobbleox@stumbleupon.com,Male,VP Product Management
899,Annamaria,Haynesford,ahaynesfordoy@cbsnews.com,Female,VP Accounting
900,Jed,Fackney,jfackneyoz@sfgate.com,Male,Biostatistician IV
901,Emilee,Verling,everlingp0@admin.ch,Female,Speech Pathologist
902,Lurline,Stonner,lstonnerp1@nih.gov,Agender,Teacher
903,Cchaddie,Pedycan,cpedycanp2@indiegogo.com,Male,Speech Pathologist
904,Dolph,Cockerton,dcockertonp3@unc.edu,Male,Cost Accountant
905,Aguste,Hassell,ahassellp4@hostgator.com,Male,Account Coordinator
906,Annissa,Grocott,agrocottp5@npr.org,Female,Senior Developer
907,Darb,Nelsey,dnelseyp6@clickbank.net,Female,Engineer I
908,Darrin,Guisler,dguislerp7@gnu.org,Male,Registered Nurse
909,Rance,Vanyutin,rvanyutinp8@berkeley.edu,Male,Structural Analysis Engineer
910,Harold,Wynrehame,hwynrehamep9@fda.gov,Male,Administrative Officer
911,Algernon,Downe,adownepa@weebly.com,Male,Chemical Engineer
912,Perri,Melbourne,pmelbournepb@ihg.com,Female,Compensation Analyst
913,Gonzales,Eatttok,geatttokpc@bloomberg.com,Male,Software Consultant
914,Genovera,Mynott,gmynottpd@dailymail.co.uk,Genderfluid,Executive Secretary
915,Jamie,Raveau,jraveaupe@noaa.gov,Genderqueer,Quality Control Specialist
916,Early,Kobu,ekobupf@deliciousdays.com,Male,Structural Analysis Engineer
917,Millisent,Martignon,mmartignonpg@cnbc.com,Female,Administrative Officer
918,Burty,Dudson,bdudsonph@scribd.com,Male,Database Administrator I
919,Bride,MacGuffog,bmacguffogpi@123-reg.co.uk,Female,Automation Specialist III
920,Corenda,Pillans,cpillanspj@apache.org,Female,Cost Accountant
921,Meryl,Stuchbury,mstuchburypk@indiatimes.com,Female,Programmer II
922,Charita,Justham,cjusthampl@tinyurl.com,Female,Web Designer II
923,Temp,Georgins,tgeorginspm@forbes.com,Male,Registered Nurse
924,Clare,Durbridge,cdurbridgepn@ask.com,Female,Software Test Engineer III
925,Joellyn,Fearne,jfearnepo@freewebs.com,Female,Environmental Tech
926,Bria,Rycroft,brycroftpp@friendfeed.com,Female,Research Assistant IV
927,Josefa,Wethey,jwetheypq@t.co,Female,Director of Sales
928,Dinah,Tremollet,dtremolletpr@photobucket.com,Female,Web Developer I
929,Thain,Oakinfold,toakinfoldps@miibeian.gov.cn,Male,Web Developer III
930,Niels,Dufaire,ndufairept@opera.com,Male,Junior Executive
931,Marcia,Chiddy,mchiddypu@theatlantic.com,Female,Sales Associate
932,Hope,Llewhellin,hllewhellinpv@canalblog.com,Female,VP Accounting
933,Borden,de Broke,bdebrokepw@cyberchimps.com,Male,Senior Cost Accountant
934,Cassaundra,Itzig,citzigpx@cyberchimps.com,Female,Senior Quality Engineer
935,Jesse,Hawkings,jhawkingspy@nymag.com,Male,Structural Engineer
936,Sly,Weston,swestonpz@shareasale.com,Male,Human Resources Manager
937,Gilly,Aldrin,galdrinq0@elpais.com,Female,Account Representative II
938,Kristoforo,Stiling,kstilingq1@latimes.com,Male,Account Coordinator
939,Gene,Scartifield,gscartifieldq2@naver.com,Male,Compensation Analyst
940,Kurtis,Zannutti,kzannuttiq3@disqus.com,Male,Senior Quality Engineer
941,Alberik,Glison,aglisonq4@businesswire.com,Male,Research Nurse
942,Franky,Simms,fsimmsq5@cisco.com,Male,Web Developer IV
943,Neda,Sanson,nsansonq6@51.la,Female,Financial Analyst
944,Candice,Davenport,cdavenportq7@upenn.edu,Female,Payment Adjustment Coordinator
945,Merilyn,Le-Good,mlegoodq8@howstuffworks.com,Female,Product Engineer
946,Joete,Bickerdike,jbickerdikeq9@msn.com,Female,Safety Technician II
947,Free,Myrick,fmyrickqa@people.com.cn,Male,Computer Systems Analyst III
948,Gal,Fitzsymon,gfitzsymonqb@time.com,Male,VP Accounting
949,Rebecca,Roots,rrootsqc@uol.com.br,Female,Teacher
950,Millisent,Raith,mraithqd@mac.com,Female,General Manager
951,Marve,Orgill,morgillqe@va.gov,Male,Internal Auditor
952,Munroe,McPartlin,mmcpartlinqf@sciencedirect.com,Male,Speech Pathologist
953,Kimberlyn,Andreasen,kandreasenqg@rakuten.co.jp,Female,Business Systems Development Analyst
954,Sully,Spry,sspryqh@bluehost.com,Male,Staff Accountant I
955,Janel,Fosdike,jfosdikeqi@cargocollective.com,Agender,Junior Executive
956,Rowland,Bollans,rbollansqj@bravesites.com,Male,Junior Executive
957,Bee,Shaves,bshavesqk@dagondesign.com,Female,Environmental Tech
958,Vivyan,Clurow,vclurowql@harvard.edu,Female,Professor
959,Candis,Spileman,cspilemanqm@topsy.com,Female,Electrical Engineer
960,Horst,Seagood,hseagoodqn@go.com,Male,Speech Pathologist
961,Oby,Louthe,oloutheqo@miibeian.gov.cn,Male,Human Resources Manager
962,Ambros,Self,aselfqp@mapy.cz,Male,Sales Associate
963,Vittorio,Matus,vmatusqq@nih.gov,Male,Financial Analyst
964,Rem,Skudder,rskudderqr@simplemachines.org,Male,Accountant IV
965,Karyn,Wyett,kwyettqs@spiegel.de,Female,Sales Associate
966,Jammie,Siddens,jsiddensqt@bluehost.com,Female,Analog Circuit Design manager
967,Tally,Crippin,tcrippinqu@state.tx.us,Male,VP Product Management
968,Ronnie,Livingston,rlivingstonqv@pbs.org,Non-binary,Actuary
969,Obadiah,Cherry,ocherryqw@bbc.co.uk,Male,Help Desk Operator
970,Norine,Velten,nveltenqx@edublogs.org,Female,General Manager
971,Cristi,Treacy,ctreacyqy@gmpg.org,Female,Registered Nurse
972,Derk,Guihen,dguihenqz@squarespace.com,Male,Systems Administrator III
973,Eldridge,Pavy,epavyr0@google.pl,Male,Executive Secretary
974,Kristin,Briggdale,kbriggdaler1@blinklist.com,Female,Actuary
975,Tasha,Sprowson,tsprowsonr2@google.it,Female,Software Engineer III
976,Parnell,Toupe,ptouper3@ask.com,Male,Civil Engineer
977,Wilmar,Fotitt,wfotittr4@miitbeian.gov.cn,Male,Engineer III
978,Reba,Phelan,rphelanr5@craigslist.org,Female,Research Nurse
979,Barrie,Gouthier,bgouthierr6@youtube.com,Non-binary,Food Chemist
980,Eric,Hargitt,ehargittr7@nba.com,Male,Human Resources Assistant III
981,Graham,Patillo,gpatillor8@instagram.com,Male,Physical Therapy Assistant
982,Fey,McGairl,fmcgairlr9@wordpress.org,Female,Librarian
983,Alonso,Lackney,alackneyra@bravesites.com,Male,Account Coordinator
984,Henrie,Boundley,hboundleyrb@ibm.com,Female,VP Quality Control
985,Cody,Archbould,carchbouldrc@upenn.edu,Male,Recruiter
986,Ravid,Keeling,rkeelingrd@slashdot.org,Male,Web Developer I
987,Farrell,Loxly,floxlyre@state.tx.us,Male,Systems Administrator I
988,Korie,Botright,kbotrightrf@wp.com,Female,Internal Auditor
989,Jecho,Readmire,jreadmirerg@abc.net.au,Male,Social Worker
990,Petronia,Lumbers,plumbersrh@meetup.com,Bigender,Physical Therapy Assistant
991,Jere,Cardiff,jcardiffri@imgur.com,Female,Nurse Practicioner
992,Ker,Pennington,kpenningtonrj@digg.com,Male,VP Product Management
993,Roshelle,Meysham,rmeyshamrk@foxnews.com,Female,Research Assistant I
994,Samuel,Gley,sgleyrl@mashable.com,Male,Food Chemist
995,Beniamino,Bates,bbatesrm@illinois.edu,Male,Teacher
996,Melodee,Hebron,mhebronrn@jiathis.com,Female,Research Associate
997,Garnette,Giorgioni,ggiorgioniro@360.cn,Female,Clinical Specialist
998,Isadore,Redington,iredingtonrp@tiny.cc,Male,VP Accounting
999,Carleton,Petofi,cpetofirq@mapy.cz,Male,Account Representative II
1000,Virgie,Gatheral,vgatheralrr@over-blog.com,Male,Senior Quality Engineer
